<?xml version="1.0" encoding="UTF-8"?>
<data>
    <num>12</num>
    <num>64</num>
    <num>24</num>
    <num>-14</num>
    <num>-6</num>
    <num>-89</num>
    <num>101</num>
    <num>43</num>
    <num>-35</num>
    <num>17</num>
    <num>-48</num>
    <num>67</num>
    <num>-34</num>
    <num>-16</num>
    <num>17</num>
    <num>-125</num>
    <num>-73</num>
    <num>74</num>
    <num>88</num>
    <num>59</num>
    <num>53</num>
    <num>-51</num>
    <num>99</num>
    <num>3</num>
    <num>-1</num>
    <num>20</num>
    <num>36</num>
    <num>41</num>
    <num>48</num>
    <num>76</num>
    <num>-74</num>
    <num>-32</num>
    <num>-70</num>
</data>
